"","municipality","COMMUNE","avg_score","rank_avg_score"
"84","21014","SAINT-JOSSE-TEN-NOODE",71.3974936455085,1
"83","21013","SAINT-GILLES",59.8504915785891,2
"82","21012","MOLENBEEK-SAINT-JEAN",56.6704729465523,3
"343","53082","COLFONTAINE",55.8698205553385,4
"360","56022","ERQUELINNES",55.1145044891152,5
"565","91142","HASTIERE",54.9693018997152,6
"320","52011","CHARLEROI",54.7633750063405,7
"85","21015","SCHAERBEEK",54.2816415880568,8
"323","52018","FARCIENNES",54.1153919587231,9
"364","56051","MOMIGNIES",53.0153224004383,10
"409","62063","LIEGE",51.8684192793678,11
"71","21001","ANDERLECHT",50.805074400288,12
"412","62096","SERAING",50.536215539142,13
"313","51009","BERNISSART",49.9911173620036,14
"589","93090","VIROINVAL",49.0296504075688,15
"335","53028","FRAMERIES",48.7873786745955,16
"411","62093","SAINT-NICOLAS",48.7365770969242,17
"74","21004","BRUXELLES",48.5616471994547,18
"340","53065","QUAREGNON",48.3573145690355,19
"321","52012","CHATELET",48.1481614623564,20
"350","55022","LA LOUVIERE",47.9090295179672,21
"334","53020","DOUR",47.7686777756021,22
"319","52010","CHAPELLE-LEZ-HERLAIMONT",47.6849158174869,23
"322","52015","COURCELLES",47.2169500748948,24
"374","57064","PERUWELZ",47.2162549152716,25
"341","53068","QUIEVRAIN",47.1412811859578,26
"333","53014","BOUSSU",47.010066658523,27
"363","56049","MERBES-LE-CHATEAU",46.5064835705799,28
"81","21011","KOEKELBERG",46.1244220759996,29
"370","57003","ANTOING",46.0824976432742,30
"312","51008","BELOEIL",45.8960535707036,31
"356","56001","ANDERLUES",45.8847658162271,32
"386","61031","HUY",44.5948241946218,33
"325","52022","FONTAINE-L'EVEQUE",44.5162724235399,34
"368","56087","MORLANWELZ",43.8583657140431,35
"426","63020","DISON",43.7100282791119,36
"327","52043","MANAGE",43.4277799622212,37
"567","92003","ANDENNE",43.2687363977138,38
"556","91034","DINANT",42.9695381275369,39
"407","62051","HERSTAL",42.4545516465323,40
"395","61080","ENGIS",42.3921251355221,41
"358","56011","BINCHE",42.2349573755692,42
"524","83031","LA ROCHE-EN-ARDENNE",41.9890228842395,43
"443","63079","VERVIERS",41.8956274856535,44
"336","53039","HENSIES",41.6914036343099,45
"242","38008","DE PANNE",41.3208941690529,46
"339","53053","MONS",40.8237032812674,47
"198","33016","MESEN",40.8187298267214,48
"372","57027","ESTAIMPUIS",40.748235673178,49
"585","93018","DOISCHE",40.3317636350289,50
"369","56088","SIVRY-RANCE",40.3079260847006,51
"584","93014","COUVIN",40.2984289124257,52
"418","62120","FLEMALLE",40.1809746295761,53
"531","84010","BOUILLON",40.1382694421678,54
"331","52074","AISEAU-PRESLES",39.9996161494684,55
"359","56016","CHIMAY",39.6518983687508,56
"77","21007","FOREST",39.2951691420245,57
"532","84016","DAVERDISSE",38.9532385712236,58
"366","56085","ESTINNES",38.4740822256329,59
"295","45041","RONSE",38.422807535638,60
"578","92137","SAMBREVILLE",38.2889213385589,61
"416","62118","GRACE-HOLLOGNE",38.1089166296736,62
"324","52021","FLEURUS",37.6481475844047,63
"355","55050","ECAUSSINNES",37.2516030952299,64
"346","54007","MOUSCRON",37.2448124634941,65
"351","55023","LESSINES",36.5269254325012,66
"380","61003","AMAY",36.1727926651804,67
"521","83012","DURBUY",35.9088210516599,68
"361","56029","FROIDCHAPELLE",35.7956579635884,69
"527","83044","RENDEUX",35.7608810316869,70
"563","91120","SOMME-LEUZE",35.7193173071461,71
"544","85011","FLORENVILLE",35.6341488744416,72
"216","34043","SPIERE-HELKIJN",35.518898216422,73
"347","54010","COMINES-WARNETON",35.3787433094402,74
"561","91103","ONHAYE",35.3680563760296,75
"342","53070","SAINT-GHISLAIN",35.2885745529659,76
"338","53046","LENS",35.2459258279168,77
"522","83013","EREZEE",35.2246530081863,78
"439","63072","SPA",34.6512606310501,79
"357","56005","BEAUMONT",34.6354386819384,80
"553","91013","BEAURAING",34.4987700577116,81
"344","53083","HONNELLES",34.2165744220034,82
"378","57094","LEUZE-EN-HAINAUT",34.0487053723193,83
"376","57081","TOURNAI",33.622678651268,84
"79","21009","IXELLES",33.0333076948286,85
"511","81013","MARTELANGE",32.9680625831967,86
"554","91015","BIEVRE",32.9465702821217,87
"566","91143","VRESSE-SUR-SEMOIS",32.7741506362792,88
"373","57062","PECQ",32.5320839372123,89
"212","34027","MENEN",32.3437818696066,90
"80","21010","JETTE",32.3015069896852,91
"75","21005","ETTERBEEK",32.2818028593573,92
"314","51012","BRUGELETTE",32.1210213554824,93
"371","57018","CELLES",32.0882051615547,94
"586","93022","FLORENNES",31.8525972051629,95
"574","92094","NAMUR",31.7224330875885,96
"403","62026","COMBLAIN-AU-PONT",31.5695932844104,97
"399","62009","AYWAILLE",31.5681893290984,98
"560","91072","HOUYET",31.4915351300793,99
"571","92048","FOSSES-LA-VILLE",31.4340643775336,100
"525","83034","MARCHE-EN-FAMENNE",31.4182312811099,101
"375","57072","RUMES",31.2390088998383,102
"533","84029","HERBEUMONT",31.0609497544377,103
"193","32006","HOUTHULST",30.9460421614616,104
"354","55040","SOIGNIES",30.9065901836715,105
"278","44021","GENT",30.7969007829957,106
"244","38016","NIEUWPOORT",30.7362867585166,107
"514","82005","BERTOGNE",30.7333481624893,108
"76","21006","EVERE",30.7207473000525,109
"170","25105","TUBIZE",30.6490921689668,110
"401","62015","BEYNE-HEUSAY",30.6051381555343,111
"536","84043","NEUFCHATEAU",30.4768119773767,112
"183","31004","BLANKENBERGE",30.1266142121144,113
"539","84068","TELLIN",30.100731845773,114
"315","51014","CHIEVRES",30.0460516965769,115
"317","51019","FLOBECQ",29.9728675921732,116
"387","61039","MARCHIN",29.9035526856855,117
"78","21008","GANSHOREN",29.8900766879018,118
"562","91114","ROCHEFORT",29.7606548555712,119
"415","62108","VISE",29.7284377109165,120
"271","43018","ZELZATE",29.6968510161101,121
"2","11002","ANTWERPEN",29.6073430072075,122
"555","91030","CINEY",29.6065511804768,123
"430","63040","KELMIS",29.5972105723398,124
"221","35013","OOSTENDE",29.5173360876185,125
"559","91064","HAVELANGE",29.484911979088,126
"552","91005","ANHEE",29.091404711779,127
"406","62038","FLERON",29.0362728267301,128
"192","32003","DIKSMUIDE",29.0182415204589,129
"377","57093","BRUNEHAUT",28.8911976144804,130
"583","93010","CERFONTAINE",28.8614452968921,131
"460","64065","SAINT-GEORGES-SUR-MEUSE",28.7412675088539,132
"267","43005","EEKLO",28.6721208883678,133
"432","63046","LIMBOURG",28.5430847656997,134
"461","64074","WAREMME",28.4226821305342,135
"462","64075","WASSEIGES",28.3298754382651,136
"540","84075","WELLIN",28.2347946913266,137
"580","92140","JEMEPPE-SUR-SAMBRE",27.8723390726974,138
"352","55035","LE ROEULX",27.8518623475013,139
"542","85007","CHINY",27.7666789378803,140
"397","62003","ANS",27.7043741150895,141
"384","61024","HAMOIR",27.6418427898628,142
"506","73107","MAASMECHELEN",27.6320915068521,143
"538","84059","SAINT-HUBERT",27.6301107704503,144
"311","51004","ATH",27.6214290620638,145
"523","83028","HOTTON",27.5576230769288,146
"420","62122","TROOZ",27.5087230822288,147
"392","61068","VILLERS-LE-BOUILLET",27.2962094145133,148
"410","62079","OUPEYE",27.257211226607,149
"440","63073","STAVELOT",27.2093861076678,150
"316","51017","ELLEZELLES",27.1313561569649,151
"517","82032","VIELSALM",27.1274529724035,152
"467","71016","GENK",26.9768136521216,153
"513","82003","BASTOGNE",26.9765520517538,154
"400","62011","BASSENGE",26.9212010015514,155
"519","82037","GOUVY",26.7711862267358,156
"241","38002","ALVERINGEM",26.7205697560486,157
"202","33039","HEUVELLAN",26.668660872572,158
"587","93056","PHILIPPEVILLE",26.6477562205013,159
"573","92087","METTET",26.6449417345136,160
"530","84009","BERTRIX",26.6205287997778,161
"413","62099","SOUMAGNE",26.6178875967024,162
"557","91054","GEDINNE",26.4696393122278,163
"458","64056","OREYE",26.467778991806,164
"348","55004","BRAINE-LE-COMTE",26.4320132460451,165
"345","53084","QUEVY",26.3788223469659,166
"330","52063","SENEFFE",26.3343532134922,167
"518","82036","VAUX-SUR-SURE",26.154419616852,168
"433","63048","LONTZEN",26.0829949444492,169
"434","63049","MALMEDY",25.9459318577421,170
"318","51065","FRASNES-LEZ-ANVAING",25.8338941149624,171
"362","56044","LOBBES",25.60902635405,172
"164","25048","JODOIGNE",25.5550058117646,173
"365","56078","THUIN",25.5297294557678,174
"393","61072","WANZE",25.527594853401,175
"510","81004","AUBANGE",25.463843960509,176
"588","93088","WALCOURT",25.4228574939151,177
"451","64015","BRAIVES",25.3512693654105,178
"436","63058","PEPINSTER",25.3271338083986,179
"73","21003","BERCHEM-SAINTE-AGATHE",25.2072502954219,180
"528","83049","TENNEVILLE",25.1778706638789,181
"206","34003","AVELGEM",25.0511429858975,182
"537","84050","PALISEUL",24.9876793374094,183
"577","92114","SOMBREFFE",24.8514843231565,184
"349","55010","ENGHIEN",24.7927815952648,185
"180","25123","REBECQ",24.3562469078239,186
"575","92097","OHEY",24.3161490263641,187
"516","82014","HOUFFALIZE",24.1330511573825,188
"219","35006","ICHTEGEM",24.0202863361289,189
"279","44029","KNESSELARE",23.9755471866711,190
"456","64034","HANNUT",23.7010642562978,191
"535","84035","LIBIN",23.5706892483724,192
"534","84033","LEGLISE",23.5263304455173,193
"381","61010","BURDINNE",23.4700282946188,194
"306","46014","LOKEREN",23.4056777900427,195
"199","33021","POPERINGE",23.4053478247787,196
"204","33041","VLETEREN",23.3320144281413,197
"550","85046","HABAY",23.2637348639713,198
"86","21016","UCCLE",23.2330064478122,199
"448","63088","PLOMBIERES",23.2160562326822,200
"570","92045","FLOREFFE",23.1600257673967,201
"263","42025","WETTEREN",23.1591207767677,202
"515","82009","FAUVILLERS",23.1547917600335,203
"427","63023","EUPEN",23.106187226295,204
"499","73028","HERSTAPPE",23.0812352595984,205
"117","23098","DROGENBOS",23.0354734677677,206
"196","32030","LO-RENINGE",22.9276232710238,207
"220","35011","MIDDELKERKE",22.7861209823258,208
"476","71053","SINT-TRUIDEN",22.7843327633006,209
"445","63084","WELKENRAEDT",22.7353138143205,210
"382","61012","CLAVIER",22.6009559946185,211
"209","34022","KORTRIJK",22.5657692706435,212
"546","85026","MUSSON",22.3970754059851,213
"504","73083","TONGEREN",22.3300031106793,214
"329","52055","PONT-A-CELLES",22.261971744715,215
"265","42028","ZELE",22.1554479013176,216
"197","33011","IEPER",22.1009025578072,217
"308","46021","SINT-NIKLAAS",22.0934001080722,218
"66","13040","TURNHOUT",21.995850360672,219
"437","63061","RAEREN",21.9158068067861,220
"203","33040","LANGEMARK-POELKAPELLE",21.8246483806469,221
"579","92138","FERNELMONT",21.7726796907435,222
"457","64047","LINCENT",21.7560544139026,223
"200","33029","WERVIK",21.6864890319314,224
"332","52075","LES BONS VILLERS",21.6739891576877,225
"405","62032","ESNEUX",21.6732087896412,226
"390","61048","OUFFET",21.6506787066174,227
"269","43010","MALDEGEM",21.6044053285177,228
"243","38014","KOKSIJDE",21.5893054793891,229
"4","11005","BOOM",21.3179737010578,230
"246","41002","AALST",21.3016556610361,231
"270","43014","SINT-LAUREINS",21.252010275078,232
"447","63087","BURG-REULAND",21.1246265136805,233
"261","42011","LEBBEKE",21.0161045285863,234
"37","12025","MECHELEN",20.9935531775485,235
"529","83055","MANHAY",20.9895518771403,236
"502","73042","LANAKEN",20.9151304706983,237
"441","63075","STOUMONT",20.8851875497617,238
"431","63045","LIERNEUX",20.8481048596861,239
"259","42008","HAMME",20.8180325683842,240
"472","71034","LEOPOLDSBURG",20.8025538495448,241
"492","72039","HOUTHALEN-HELCHTEREN",20.7400769208748,242
"526","83040","NASSOGNE",20.722856313982,243
"569","92035","EGHEZEE",20.7052010498768,244
"450","64008","BERLOZ",20.644120480698,245
"498","73022","HEERS",20.6064149168055,246
"549","85045","VIRTON",20.5478778185378,247
"551","85047","ROUVROY",20.512898437193,248
"230","36015","ROESELARE",20.5108460661315,249
"507","73109","VOEREN",20.5089369944618,250
"520","82038","SAINTE-ODE",20.3436913684722,251
"452","64021","CRISNEE",20.2223424060838,252
"191","31043","KNOKKE-HEIST",20.0881278709467,253
"175","25118","HELECINE",19.9659683365993,254
"289","44072","WAARSCHOOT",19.8582902615763,255
"383","61019","FERRIERES",19.6925592545892,256
"398","62006","AWANS",19.6568313000327,257
"328","52048","MONTIGNY-LE-TILLEUL",19.4933673203093,258
"388","61041","MODAVE",19.3856996559658,259
"408","62060","JUPRELLE",19.3261966561223,260
"428","63035","HERVE",19.2759255659111,261
"217","35002","BREDENE",19.2646889053387,262
"113","23088","VILVOORDE",19.2518311294357,263
"167","25072","NIVELLES",19.2272641254335,264
"481","71070","HEUSDEN-ZOLDER",19.215712438055,265
"564","91141","YVOIR",19.1830397893055,266
"465","71004","BERINGEN",19.1121747769584,267
"512","81015","MESSANCY",19.0572160648104,268
"494","72041","DILSEN-STOKKEM",18.9985466247484,269
"379","57095","MONT-DE-L'ENCLUS",18.9817879680181,270
"258","42006","DENDERMONDE",18.9672582955977,271
"247","41011","DENDERLEEUW",18.94043855633,272
"337","53044","JURBISE",18.9141194371824,273
"444","63080","WAIMES",18.882426866446,274
"576","92101","PROFONDEVILLE",18.709775462426,275
"211","34025","LENDELEDE",18.6817095372097,276
"503","73066","RIEMST",18.5470647622854,277
"442","63076","THEUX",18.5136693367796,278
"256","42003","BERLARE",18.4867550140578,279
"194","32010","KOEKELARE",18.4615976855247,280
"423","63004","BAELEN",18.3513252749936,281
"425","63013","BUETGENBACH",18.3446337499161,282
"385","61028","HERON",18.3122399621173,283
"548","85039","TINTIGNY",18.2688598520701,284
"97","23027","HALLE",18.212236543706,285
"508","81001","ARLON",18.1984759288168,286
"421","63001","AMEL",18.1785616876464,287
"446","63086","TROIS-PONTS",18.1039748733568,288
"43","12040","WILLEBROEK",18.0298282106655,289
"178","25121","OTTIGNIES-LOUVAIN-LA-NEUVE",18.0128583737455,290
"148","24107","TIENEN",18.0085635583361,291
"132","24020","DIEST",17.9761096134076,292
"17","11030","NIEL",17.9561582879973,293
"497","73009","BORGLOON",17.9467707280041,294
"326","52025","GERPINNES",17.9163549738899,295
"545","85024","MEIX-DEVANT-VIRTON",17.8931977903686,296
"309","46024","STEKENE",17.8641364578923,297
"486","72021","MAASEIK",17.8623653345337,298
"227","36010","LEDEGEM",17.7881765465381,299
"182","31003","BEERNEM",17.6708750546936,300
"184","31005","BRUGGE",17.5826065845352,301
"248","41018","GERAARDSBERGEN",17.5450462708805,302
"582","92142","GEMBLOUX",17.5418667504191,303
"253","41063","SINT-LIEVENS-HOUTEM",17.5201651504183,304
"252","41048","NINOVE",17.440687386219,305
"245","38025","VEURNE",17.418599339344,306
"92","23009","BEVER",17.3735267755282,307
"67","13044","VORSELAAR",17.3360515228545,308
"70","13053","LAAKDAL",17.2679895478291,309
"190","31042","ZUIENKERKE",17.2334146724271,310
"474","71045","NIEUWERKERKEN",17.1817181319368,311
"541","84077","LIBRAMONT-CHEVIGNY",17.1277992552685,312
"225","36007","INGELMUNSTER",17.1223973604924,313
"160","25031","GENAPPE",17.1025641402404,314
"239","37018","WINGENE",16.9834822762462,315
"214","34041","WEVELGEM",16.9636511648791,316
"424","63012","BUELLINGEN",16.9337832293129,317
"173","25112","WAVRE",16.9047115930677,318
"133","24028","GEETBETS",16.8613511960087,319
"229","36012","MOORSLEDE",16.8583483996542,320
"88","21018","WOLUWE-SAINT-LAMBERT",16.8365337865609,321
"159","25023","COURT-SAINT-ETIENNE",16.8206551141284,322
"233","37007","MEULEBEKE",16.813379521396,323
"463","64076","FAIMES",16.7578380930344,324
"237","37015","TIELT",16.7021432716808,325
"218","35005","GISTEL",16.6633604185037,326
"201","33037","ZONNEBEKE",16.6624892458342,327
"454","64025","FEXHE-LE-HAUT-CLOCHER",16.6431638592544,328
"310","46025","TEMSE",16.5986690157248,329
"223","35029","DE HAAN",16.5959390409742,330
"102","23044","LIEDEKERKE",16.5749015759173,331
"353","55039","SILLY",16.5408181520701,332
"468","71017","GINGELOM",16.5122000286857,333
"87","21017","WATERMAEL-BOITSFORT",16.4455460214307,334
"51","13011","HERENTALS",16.4136547305519,335
"45","13002","BAARLE-HERTOG",16.3750045906443,336
"422","63003","AUBEL",16.3119819840528,337
"140","24054","KORTENAKEN",16.2269069129964,338
"166","25068","MONT-SAINT-GUIBERT",16.2187410757235,339
"226","36008","IZEGEM",16.2084563850559,340
"188","31033","TORHOUT",16.1445824676349,341
"438","63067","SANKT VITH",16.1315293310716,342
"195","32011","KORTEMARK",16.1306573764693,343
"48","13006","DESSEL",16.1237039483026,344
"266","43002","ASSENEDE",16.119605758601,345
"298","45060","KLUISBERGEN",15.9875219661849,346
"72","21002","AUDERGHEM",15.9064031524855,347
"104","23047","MACHELEN",15.9014978594255,348
"558","91059","HAMOIS",15.8743789745442,349
"238","37017","WIELSBEKE",15.7570070353798,350
"152","24134","SCHERPENHEUVEL-ZICHEM",15.7038833704381,351
"125","24001","AARSCHOT",15.6935134148835,352
"496","73006","BILZEN",15.6271262743185,353
"222","35014","OUDENBURG",15.6102790836633,354
"98","23032","HERNE",15.5350482330601,355
"185","31006","DAMME",15.5324433600063,356
"291","44080","ZOMERGEM",15.5144612228273,357
"179","25122","RAMILLIES",15.4885627178522,358
"268","43007","KAPRIJKE",15.4355320674741,359
"65","13037","RIJKEVORSEL",15.3983855158723,360
"150","24130","ZOUTLEEUW",15.2556827539761,361
"297","45059","BRAKEL",15.2117239967251,362
"208","34013","HARELBEKE",15.1667488066459,363
"53","13013","HERSELT",15.1474203822206,364
"464","71002","AS",15.0959090509063,365
"459","64063","REMICOURT",15.0188062092239,366
"402","62022","CHAUDFONTAINE",14.9770311851725,367
"435","63057","OLNE",14.9738751715154,368
"207","34009","DEERLIJK",14.9249715064411,369
"10","11018","HEMIKSEM",14.8890928759721,370
"305","46013","KRUIBEKE",14.8555097554471,371
"294","45035","OUDENAARDE",14.8470099036605,372
"485","72020","LOMMEL",14.8195487258333,373
"262","42023","WAASMUNSTER",14.7914689656139,374
"155","25005","BEAUVECHAIN",14.7498293767588,375
"36","12021","LIER",14.7109717503467,376
"228","36011","LICHTERVELDE",14.6973614616599,377
"469","71020","HALEN",14.6465152336634,378
"177","25120","ORP-JAUCHE",14.6365985866896,379
"490","72037","HAMONT-ACHEL",14.4746906819121,380
"572","92054","GESVES",14.4609161867452,381
"110","23077","SINT-PIETERS-LEEUW",14.385243863615,382
"157","25015","BRAINE-LE-CHATEAU",14.3051245412901,383
"505","73098","WELLEN",14.2898122188186,384
"205","34002","ANZEGEM",14.2570575990381,385
"455","64029","GEER",14.1749710074252,386
"501","73040","KORTESSEM",14.1500702812443,387
"251","41034","LEDE",14.1441554704372,388
"143","24062","LEUVEN",14.0809551522406,389
"394","61079","ANTHISNES",14.0301930001417,390
"168","25084","PERWEZ",13.9213397233012,391
"581","92141","LA BRUYERE",13.9017401658201,392
"302","45064","MAARKEDAL",13.8704469647514,393
"414","62100","SPRIMONT",13.741298602029,394
"470","71022","HASSELT",13.7225299808388,395
"163","25044","ITTRE",13.7162715292955,396
"479","71067","ZUTENDAAL",13.690527510558,397
"419","62121","NEUPRE",13.6643124297878,398
"49","13008","GEEL",13.6241588781961,399
"307","46020","SINT-GILLIS-WAAS",13.5850321571762,400
"290","44073","WACHTEBEKE",13.5233982627495,401
"54","13014","HOOGSTRATEN",13.4156697325584,402
"304","46003","BEVEREN",13.3971192495415,403
"63","13035","RAVELS",13.3588420427794,404
"236","37012","RUISELEDE",13.2892843497127,405
"404","62027","DALHEM",13.1494789873438,406
"55","13016","HULSHOUT",13.0357768096133,407
"547","85034","SAINT-LEGER",13.0318599475178,408
"149","24109","TREMELO",13.0059661944538,409
"491","72038","HECHTEL-EKSEL",12.9523533574007,410
"264","42026","WICHELEN",12.9133759190421,411
"215","34042","ZWEVEGEM",12.9056187722876,412
"38","12026","NIJLEN",12.887176279534,413
"389","61043","NANDRIN",12.8403972633837,414
"281","44036","LOVENDEGEM",12.8391396609514,415
"286","44049","NEVELE",12.8115847273675,416
"417","62119","BLEGNY",12.7751093118545,417
"231","36019","STADEN",12.6577315183467,418
"480","71069","HAM",12.6058871897825,419
"543","85009","ETALLE",12.6004145320217,420
"52","13012","HERENTHOUT",12.5758352707222,421
"33","12007","BORNEM",12.5739137299242,422
"89","21019","WOLUWE-SAINT-PIERRE",12.5321040028544,423
"471","71024","HERK-DE-STAD",12.4673075102214,424
"296","45057","ZINGEM",12.4232885724081,425
"473","71037","LUMMEN",12.3982949342734,426
"41","12034","SINT-AMANDS",12.3791105618103,427
"293","45017","KRUISHOUTEM",12.2858201076231,428
"187","31022","OOSTKAMP",12.2646801215651,429
"34","12009","DUFFEL",12.2571309599118,430
"466","71011","DIEPENBEEK",12.2120107203965,431
"478","71066","ZONHOVEN",12.1997293791028,432
"142","24059","LANDEN",12.1893224898054,433
"260","42010","LAARNE",12.1765399030345,434
"568","92006","ASSESSE",12.1744499613066,435
"482","72003","BOCHOLT",12.0726592118343,436
"477","71057","TESSENDERLO",12.0717897028523,437
"240","37020","ARDOOIE",12.0139097545252,438
"35","12014","HEIST-OP-DEN-BERG",11.9867187185043,439
"116","23097","ROOSDAAL",11.9775743693133,440
"90","23002","ASSE",11.9542347027584,441
"500","73032","HOESELT",11.945668905171,442
"46","13003","BALEN",11.9407576218931,443
"119","23100","LINKEBEEK",11.9075179781334,444
"367","56086","HAM-SUR-HEURE-NALINNES",11.8700772660054,445
"449","63089","THIMISTER-CLERMONT",11.8033394102453,446
"50","13010","GROBBENDONK",11.8006824763699,447
"396","61081","TINLOT",11.799961421192,448
"284","44045","MOERBEKE",11.7628363423159,449
"64","13036","RETIE",11.7435646144492,450
"120","23101","SINT-GENESIUS-RODE",11.7337597164301,451
"31","12002","BERLAAR",11.7253396919214,452
"234","37010","OOSTROZEBEKE",11.6747500381963,453
"273","44011","DEINZE",11.6644580329785,454
"162","25043","INCOURT",11.6355018144721,455
"303","45065","ZWALM",11.6319668947188,456
"114","23094","ZAVENTEM",11.5989177005393,457
"475","71047","OPGLABBEEK",11.5853833012425,458
"249","41024","HAALTERT",11.5839985246106,459
"488","72029","OVERPELT",11.5741161331927,460
"156","25014","BRAINE-L'ALLEUD",11.5703075298135,461
"60","13025","MOL",11.5260579477021,462
"57","13019","LILLE",11.5077961499262,463
"250","41027","HERZELE",11.3793231990088,464
"174","25117","CHASTRE",11.3221099608144,465
"484","72018","KINROOI",11.3050376798117,466
"276","44019","EVERGEM",11.3008546921037,467
"300","45062","HOREBEKE",11.2494283513246,468
"161","25037","GREZ-DOICEAU",11.2348278484227,469
"99","23033","HOEILAART",11.154160369346,470
"235","37011","PITTEM",11.1066845122068,471
"171","25107","VILLERS-LA-VILLE",11.0535939296802,472
"210","34023","KUURNE",11.0133280928585,473
"169","25091","RIXENSART",10.9006781787779,474
"108","23062","OVERIJSE",10.895342969648,475
"292","44081","ZULTE",10.8260794049683,476
"254","41081","ZOTTEGEM",10.8023347331893,477
"176","25119","LASNE",10.7908886720722,478
"58","13021","MEERHOUT",10.7801530470497,479
"495","73001","ALKEN",10.7367317151176,480
"272","44001","AALTER",10.6410477579109,481
"487","72025","NEERPELT",10.5946808570194,482
"282","44040","MELLE",10.5859622755339,483
"127","24008","BEKKEVOORT",10.5316331650726,484
"44","13001","ARENDONK",10.480728963413,485
"147","24104","TERVUREN",10.4697490861177,486
"26","11053","WUUSTWEZEL",10.462099213424,487
"391","61063","VERLAINE",10.4196863575837,488
"95","23024","GOOIK",10.3300839909396,489
"301","45063","LIERDE",10.2960977130208,490
"224","36006","HOOGLEDE",10.2842135092859,491
"172","25110","WATERLOO",10.2387998995323,492
"189","31040","ZEDELGEM",10.1901861431498,493
"165","25050","LA HULPE",10.028117909962,494
"29","11056","ZWIJNDRECHT",10.0095286794756,495
"39","12029","PUTTE",9.99930202310901,496
"118","23099","KRAAINEM",9.98681835574782,497
"9","11016","ESSEN",9.96103418110865,498
"151","24133","LINTER",9.93346367652357,499
"94","23023","GALMAARDEN",9.89079108527399,500
"255","41082","ERPE-MERE",9.84361545422091,501
"232","37002","DENTERGEM",9.83602415894337,502
"20","11038","SCHELLE",9.81935004400518,503
"257","42004","BUGGENHOUT",9.78770195129982,504
"483","72004","BREE",9.77451149985871,505
"277","44020","GAVERE",9.74879638733399,506
"61","13029","OLEN",9.74271169429876,507
"493","72040","MEEUWEN-GRUITRODE",9.70761510132117,508
"56","13017","KASTERLEE",9.56314322502649,509
"106","23052","MERCHTEM",9.51687214028411,510
"7","11009","BRECHT",9.51203114693557,511
"91","23003","BEERSEL",9.2236228979929,512
"103","23045","LONDERZEEL",9.08209508127031,513
"158","25018","CHAUMONT-GISTOUX",9.03995279075639,514
"121","23102","WEMMEL",9.015593393927,515
"96","23025","GRIMBERGEN",8.97926725627849,516
"47","13004","BEERSE",8.95638841194129,517
"124","23105","AFFLIGEM",8.94948787734893,518
"186","31012","JABBEKE",8.93045746036887,519
"69","13049","WESTERLO",8.8470563849084,520
"62","13031","OUD-TURNHOUT",8.83012645594919,521
"429","63038","JALHAY",8.82641746926859,522
"22","11040","SCHOTEN",8.74740732694624,523
"509","81003","ATTERT",8.57207229570665,524
"213","34040","WAREGEM",8.50254080229473,525
"93","23016","DILBEEK",8.43898704538613,526
"136","24041","HOEGAARDEN",8.41888696725082,527
"19","11037","RUMST",8.39776459404202,528
"122","23103","WEZEMBEEK-OPPEM",8.33836856669506,529
"285","44048","NAZARETH",8.31734130209315,530
"288","44064","SINT-MARTENS-LATEM",8.17377130168907,531
"283","44043","MERELBEKE",8.1606671642958,532
"128","24009","BERTEM",8.14202237492811,533
"153","24135","TIELT-WINGE",8.07088316679368,534
"42","12035","SINT-KATELIJNE-WAVER",7.8380258188987,535
"299","45061","WORTEGEM-PETEGEM",7.76190242544508,536
"21","11039","SCHILDE",7.75078407426918,537
"489","72030","PEER",7.69117959170289,538
"138","24045","HULDENBERG",7.68769463350834,539
"146","24094","ROTSELAAR",7.67019256531001,540
"6","11008","BRASSCHAAT",7.66227523401621,541
"275","44013","DESTELBERGEN",7.6029221676401,542
"25","11052","WOMMELGEM",7.5931148350759,543
"280","44034","LOCHRISTI",7.57446669993562,544
"40","12030","PUURS",7.54870727873946,545
"59","13023","MERKSPLAS",7.48369034388097,546
"126","24007","BEGIJNENDIJK",7.42522792738631,547
"181","25124","WALHAIN",7.34016992909669,548
"134","24033","HAACHT",7.29011418795306,549
"109","23064","PEPINGEN",6.95369298736015,550
"5","11007","BORSBEEK",6.81945626916458,551
"453","64023","DONCEEL",6.70179681022543,552
"24","11050","WIJNEGEM",6.69055284980484,553
"112","23086","TERNAT",6.66552688623695,554
"111","23081","STEENOKKERZEEL",6.6523136222799,555
"12","11022","KALMTHOUT",6.51857636000462,556
"23","11044","STABROEK",6.50903048966027,557
"287","44052","OOSTERZELE",6.34150249551763,558
"130","24014","BOORTMEERBEEK",6.26504298850729,559
"107","23060","OPWIJK",6.18857316138688,560
"13","11023","KAPELLEN",6.00793098864103,561
"139","24048","KEERBERGEN",5.97331210100908,562
"154","24137","GLABBEEK",5.9212756175543,563
"30","11057","MALLE",5.85614943643202,564
"27","11054","ZANDHOVEN",5.82443464490162,565
"14","11024","KONTICH",5.81772774304917,566
"68","13046","VOSSELAAR",5.76972467900715,567
"16","11029","MORTSEL",5.71481432879069,568
"105","23050","MEISE",5.61537684999826,569
"18","11035","RANST",5.56163590918121,570
"115","23096","ZEMST",5.52609833841164,571
"32","12005","BONHEIDEN",5.41094419342097,572
"101","23039","KAPELLE-OP-DEN-BOS",5.37313231406044,573
"141","24055","KORTENBERG",5.27554437793426,574
"137","24043","HOLSBEEK",4.85518698899392,575
"28","11055","ZOERSEL",4.81401155610024,576
"15","11025","LINT",4.54756784636476,577
"100","23038","KAMPENHOUT",4.50583106031153,578
"144","24066","LUBBEEK",4.43874650395978,579
"129","24011","BIERBEEK",4.41391883444653,580
"3","11004","BOECHOUT",4.28998320912138,581
"131","24016","BOUTERSEM",4.18653988322212,582
"123","23104","LENNIK",4.07098848398513,583
"1","11001","AARTSELAAR",3.61495386255406,584
"135","24038","HERENT",3.56737983317951,585
"274","44012","DE PINTE",3.51992454025032,586
"145","24086","OUD-HEVERLEE",3.11530008542787,587
"8","11013","EDEGEM",2.84854019880693,588
"11","11021","HOVE",2.14208727008147,589
